consumer,feature,scenario,endpoint,method,status,response_time_ms,timestamp
ISET,upm_summary,Claim UPM summary request validation,Claim UPM summary request validation,POST,200,1626,2026-09-18T16:39:26.756808500
ISET,upm_summary,Claim UPM summary request validation,Claim UPM summary request validation,POST,200,1291,2026-09-18T16:39:28.649229100
ISET,upm_summary,Claim UPM summary request validation,Claim UPM summary request validation,POST,200,1473,2026-09-18T16:39:30.405088200
ISET,upm_summary,Claim UPM summary request validation,Claim UPM summary request validation,POST,200,1473,2026-09-18T16:39:32.179325700
ISET,upm_summary,Claim UPM summary request validation,Claim UPM summary request validation,POST,200,1317,2026-09-18T16:39:33.761536700
ISET,upm_summary,Claim UPM summary request validation,Claim UPM summary request validation,POST,200,1383,2026-09-18T16:39:35.411671100
ISET,upm_summary,Claim UPM summary request validation,Claim UPM summary request validation,POST,200,1304,2026-09-18T16:39:36.990812500
ISET,upm_summary,Claim UPM summary request validation,Claim UPM summary request validation,POST,200,1592,2026-09-18T16:39:38.870962900
ISET,upm_summary,Claim UPM summary request validation,Claim UPM summary request validation,POST,200,1437,2026-09-18T16:39:40.570753100
ISET,upm_summary,Claim UPM summary request validation,Claim UPM summary request validation,POST,200,1257,2026-09-18T16:39:42.100580300
ISET,upm_summary,Claim UPM summary request validation,Claim UPM summary request validation,POST,200,1522,2026-09-18T16:39:43.902661600
ISET,upm_summary,Claim UPM summary request validation,Claim UPM summary request validation,POST,200,1299,2026-09-18T16:39:45.483194500
ISET,upm_summary,Claim UPM summary request validation,Claim UPM summary request validation,POST,200,1279,2026-09-18T16:39:46.980404300
ISET,upm_summary,Claim UPM summary request validation,Claim UPM summary request validation,POST,200,1350,2026-09-18T16:39:48.603684200
ISET,upm_summary,Claim UPM summary request validation,Claim UPM summary request validation,POST,200,1363,2026-09-18T16:39:50.236667900
ISET,upm_summary,Claim UPM summary request validation,Claim UPM summary request validation,POST,200,1630,2026-09-18T16:39:52.154799400
ISET,upm_summary,Claim UPM summary request validation,Claim UPM summary request validation,POST,200,1308,2026-09-18T16:39:53.739693900
ISET,upm_summary,Claim UPM summary request validation,Claim UPM summary request validation,POST,200,1638,2026-09-18T16:39:55.640190600
ISET,upm_summary,Claim UPM summary request validation,Claim UPM summary request validation,POST,200,1493,2026-09-18T16:39:57.403849200
ISET,upm_summary,Claim UPM summary request validation,Claim UPM summary request validation,POST,200,1491,2026-09-18T16:39:59.172123100
ISET,upm_summary,Claim UPM summary request validation,Claim UPM summary request validation,POST,200,1441,2026-09-18T16:40:00.863930100
ISET,upm_summary,Claim UPM summary request validation,Claim UPM summary request validation,POST,200,1795,2026-09-18T16:40:02.925743500
ISET,upm_summary,Claim UPM summary request validation,Claim UPM summary request validation,POST,200,1280,2026-09-18T16:40:04.484461900
ISET,upm_summary,Claim UPM summary request validation,Claim UPM summary request validation,POST,200,1401,2026-09-18T16:40:06.170737800
ISET,upm_summary,Claim UPM summary request validation,Claim UPM summary request validation,POST,200,1296,2026-09-18T16:40:07.745557600
ISET,upm_summary,Claim UPM summary request validation,Claim UPM summary request validation,POST,200,1309,2026-09-18T16:40:09.325318400
ISET,upm_summary,Claim UPM summary request validation,Claim UPM summary request validation,POST,200,1286,2026-09-18T16:40:10.888289700
ISET,upm_summary,Claim UPM summary request validation,Claim UPM summary request validation,POST,200,1361,2026-09-18T16:40:12.541247100
ISET,upm_summary,Claim UPM summary request validation,Claim UPM summary request validation,POST,200,1364,2026-09-18T16:40:14.185987
ISET,upm_summary,Claim UPM summary request validation,Claim UPM summary request validation,POST,200,1287,2026-09-18T16:40:15.758746600
ISET,upm_summary,Claim UPM summary request validation,Claim UPM summary request validation,POST,200,1397,2026-09-18T16:40:17.456706500
ISET,upm_summary,Claim UPM summary request validation,Claim UPM summary request validation,POST,200,1470,2026-09-18T16:40:19.190833800
ISET,ppkg_summary,Getting Single Record Based on Claim-identifiers,Getting Single Record Based on Claim-identifiers,GET,200,1023,2026-09-18T16:40:21.402596600
ISET,ppkg_summary,Getting Single Record Based on Claim-identifiers,Getting Single Record Based on Claim-identifiers,GET,200,934,2026-09-18T16:40:22.587846400
ISET,ppkg_summary,Getting Single Record Based on Claim-identifiers,Getting Single Record Based on Claim-identifiers,GET,200,1035,2026-09-18T16:40:23.892227100
ISET,ppkg_summary,Getting Single Record Based on Claim-identifiers,Getting Single Record Based on Claim-identifiers,GET,200,934,2026-09-18T16:40:25.102011700
ISET,ppkg_summary,Getting Single Record Based on Claim-identifiers,Getting Single Record Based on Claim-identifiers,GET,200,1000,2026-09-18T16:40:26.378841300
ISET,ppkg_summary,Getting Single Record Based on Claim-identifiers,Getting Single Record Based on Claim-identifiers,GET,200,828,2026-09-18T16:40:27.488944700
ISET,ppkg_summary,Getting Single Record Based on Claim-identifiers,Getting Single Record Based on Claim-identifiers,GET,200,958,2026-09-18T16:40:28.684386900
ISET,ppkg_summary,Getting Single Record Based on Claim-identifiers,Getting Single Record Based on Claim-identifiers,GET,200,731,2026-09-18T16:40:29.724578700
ISET,ppkg_summary,Getting Single Record Based on Claim-identifiers,Getting Single Record Based on Claim-identifiers,GET,200,936,2026-09-18T16:40:30.959036700
ISET,ppkg_summary,Getting Single Record Based on Claim-identifiers,Getting Single Record Based on Claim-identifiers,GET,200,1056,2026-09-18T16:40:32.330265400
ISET,ppkg_summary,Getting Single Record Based on Claim-identifiers,Getting Single Record Based on Claim-identifiers,GET,200,1035,2026-09-18T16:40:33.730197600
ISET,ppkg_summary,Getting Single Record Based on Claim-identifiers,Getting Single Record Based on Claim-identifiers,GET,200,1873,2026-09-18T16:40:35.868116100
ISET,ppkg_summary,Getting Single Record Based on Claim-identifiers,Getting Single Record Based on Claim-identifiers,GET,200,1082,2026-09-18T16:40:37.226811900
ISET,ppkg_summary,Getting Single Record Based on Claim-identifiers,Getting Single Record Based on Claim-identifiers,GET,200,1220,2026-09-18T16:40:38.738879300
ISET,ppkg_summary,Getting Single Record Based on Claim-identifiers,Getting Single Record Based on Claim-identifiers,GET,200,995,2026-09-18T16:40:40.009725300
ISET,ppkg_summary,Getting Single Record Based on Claim-identifiers,Getting Single Record Based on Claim-identifiers,GET,200,1020,2026-09-18T16:40:41.303295200
ISET,ppkg_summary,Getting Single Record Based on Claim-identifiers,Getting Single Record Based on Claim-identifiers,GET,200,1247,2026-09-18T16:40:42.829188700
ISET,ppkg_summary,Getting Single Record Based on Claim-identifiers,Getting Single Record Based on Claim-identifiers,GET,200,1014,2026-09-18T16:40:44.109710100
ISET,ppkg_summary,Getting Single Record Based on Claim-identifiers,Getting Single Record Based on Claim-identifiers,GET,200,702,2026-09-18T16:40:45.067313600
ISET,ppkg_summary,Getting Single Record Based on Claim-identifiers,Getting Single Record Based on Claim-identifiers,GET,200,2036,2026-09-18T16:40:47.381679300
ISET,ppkg_summary,Getting Single Record Based on Claim-identifiers,Getting Single Record Based on Claim-identifiers,GET,200,1026,2026-09-18T16:40:48.693181400
ISET,ppkg_summary,Getting Single Record Based on Claim-identifiers,Getting Single Record Based on Claim-identifiers,GET,200,1083,2026-09-18T16:40:50.050618500
ISET,ppkg_summary,Getting Single Record Based on Claim-identifiers,Getting Single Record Based on Claim-identifiers,GET,200,963,2026-09-18T16:40:51.317660800
ISET,ppkg_summary,Getting Single Record Based on Claim-identifiers,Getting Single Record Based on Claim-identifiers,GET,200,1012,2026-09-18T16:40:52.573708200
ISET,ppkg_summary,Getting Single Record Based on Claim-identifiers,Getting Single Record Based on Claim-identifiers,GET,200,1013,2026-09-18T16:40:53.848822800
ISET,ppkg_summary,Getting Single Record Based on Claim-identifiers,Getting Single Record Based on Claim-identifiers,GET,200,1045,2026-09-18T16:40:55.137812600
ISET,ppkg_summary,Getting Single Record Based on Claim-identifiers,Getting Single Record Based on Claim-identifiers,GET,200,1030,2026-09-18T16:40:56.478706
ISET,ppkg_summary,Getting Single Record Based on Claim-identifiers,Getting Single Record Based on Claim-identifiers,GET,200,1020,2026-09-18T16:40:57.766732700
ISET,ppkg_summary,Getting Single Record Based on Claim-identifiers,Getting Single Record Based on Claim-identifiers,GET,200,1234,2026-09-18T16:40:59.240739100
ISET,ppkg_summary,Getting Single Record Based on Claim-identifiers,Getting Single Record Based on Claim-identifiers,GET,200,1046,2026-09-18T16:41:00.567711400
ISET,ppkg_summary,Getting Single Record Based on Claim-identifiers,Getting Single Record Based on Claim-identifiers,GET,200,956,2026-09-18T16:41:01.797633300
ISET,ppkg_summary,Getting Single Record Based on Claim-identifiers,Getting Single Record Based on Claim-identifiers,GET,200,991,2026-09-18T16:41:03.075381200
ISET,upm_hospital,Claim UPM details Hospital request validation,Claim UPM details Hospital request validation,POST,403,1316,2026-09-18T16:41:14.090736500
ISET,upm_hospital,Claim UPM details Hospital request validation,Claim UPM details Hospital request validation,POST,403,1189,2026-09-18T16:41:15.568919300
ISET,upm_hospital,Claim UPM details Hospital request validation,Claim UPM details Hospital request validation,POST,403,1185,2026-09-18T16:41:17.021634300
ISET,upm_hospital,Claim UPM details Hospital request validation,Claim UPM details Hospital request validation,POST,403,1181,2026-09-18T16:41:18.472482800
ISET,upm_hospital,Claim UPM details Hospital request validation,Claim UPM details Hospital request validation,POST,403,1192,2026-09-18T16:41:19.921119800
ISET,upm_hospital,Claim UPM details Hospital request validation,Claim UPM details Hospital request validation,POST,403,1173,2026-09-18T16:41:21.267833
ISET,upm_hospital,Claim UPM details Hospital request validation,Claim UPM details Hospital request validation,POST,403,1178,2026-09-18T16:41:22.684879300
ISET,upm_hospital,Claim UPM details Hospital request validation,Claim UPM details Hospital request validation,POST,403,1191,2026-09-18T16:41:24.169018500
ISET,upm_hospital,Claim UPM details Hospital request validation,Claim UPM details Hospital request validation,POST,403,1199,2026-09-18T16:41:25.517678600
ISET,upm_hospital,Claim UPM details Hospital request validation,Claim UPM details Hospital request validation,POST,403,1173,2026-09-18T16:41:26.955676100
ISET,upm_hospital,Claim UPM details Hospital request validation,Claim UPM details Hospital request validation,POST,403,1184,2026-09-18T16:41:28.401611900
ISET,upm_hospital,Claim UPM details Hospital request validation,Claim UPM details Hospital request validation,POST,403,1175,2026-09-18T16:41:29.850871200
ISET,upm_hospital,Claim UPM details Hospital request validation,Claim UPM details Hospital request validation,POST,403,1185,2026-09-18T16:41:31.275392
ISET,upm_hospital,Claim UPM details Hospital request validation,Claim UPM details Hospital request validation,POST,403,1184,2026-09-18T16:41:32.723758600
ISET,upm_hospital,Claim UPM details Hospital request validation,Claim UPM details Hospital request validation,POST,403,1194,2026-09-18T16:41:34.239676900
ISET,upm_hospital,Claim UPM details Hospital request validation,Claim UPM details Hospital request validation,POST,403,1197,2026-09-18T16:41:35.631290200
ISET,upm_hospital,Claim UPM details Hospital request validation,Claim UPM details Hospital request validation,POST,403,1169,2026-09-18T16:41:37.078951100
ISET,upm_hospital,Claim UPM details Hospital request validation,Claim UPM details Hospital request validation,POST,403,1224,2026-09-18T16:41:38.490417800
ISET,upm_hospital,Claim UPM details Hospital request validation,Claim UPM details Hospital request validation,POST,403,1177,2026-09-18T16:41:39.954594900
ISET,upm_hospital,Claim UPM details Hospital request validation,Claim UPM details Hospital request validation,POST,403,1175,2026-09-18T16:41:41.401685
ISET,upm_hospital,Claim UPM details Hospital request validation,Claim UPM details Hospital request validation,POST,403,1175,2026-09-18T16:41:42.801286100
ISET,upm_hospital,Claim UPM details Hospital request validation,Claim UPM details Hospital request validation,POST,403,1288,2026-09-18T16:41:44.343465100
ISET,upm_hospital,Claim UPM details Hospital request validation,Claim UPM details Hospital request validation,POST,403,1177,2026-09-18T16:41:45.811014
ISET,upm_hospital,Claim UPM details Hospital request validation,Claim UPM details Hospital request validation,POST,403,1177,2026-09-18T16:41:47.198238600
ISET,upm_hospital,Claim UPM details Hospital request validation,Claim UPM details Hospital request validation,POST,403,1208,2026-09-18T16:41:48.660446800
ISET,upm_hospital,Claim UPM details Hospital request validation,Claim UPM details Hospital request validation,POST,403,1265,2026-09-18T16:41:50.198794700
ISET,upm_hospital,Claim UPM details Hospital request validation,Claim UPM details Hospital request validation,POST,403,1217,2026-09-18T16:41:51.683310400
ISET,upm_hospital,Claim UPM details Hospital request validation,Claim UPM details Hospital request validation,POST,403,1228,2026-09-18T16:41:53.183649700
ISET,upm_hospital,Claim UPM details Hospital request validation,Claim UPM details Hospital request validation,POST,403,1194,2026-09-18T16:41:54.653866500
ISET,upm_hospital,Claim UPM details Hospital request validation,Claim UPM details Hospital request validation,POST,403,1173,2026-09-18T16:41:56.087265800
ISET,upm_hospital,Claim UPM details Hospital request validation,Claim UPM details Hospital request validation,POST,403,1174,2026-09-18T16:41:57.537850100
ISET,upm_hospital,Claim UPM details Hospital request validation,Claim UPM details Hospital request validation,POST,403,1177,2026-09-18T16:41:58.997515900
ISET,ppkg_hospital,Getting Single Record Based on Claim-identifiers,Getting Single Record Based on Claim-identifiers,GET,404,787,2026-09-18T16:42:00.980922300
ISET,ppkg_hospital,Getting Single Record Based on Claim-identifiers,Getting Single Record Based on Claim-identifiers,GET,404,845,2026-09-18T16:42:02.069395400
ISET,ppkg_hospital,Getting Single Record Based on Claim-identifiers,Getting Single Record Based on Claim-identifiers,GET,404,832,2026-09-18T16:42:03.179852800
ISET,ppkg_hospital,Getting Single Record Based on Claim-identifiers,Getting Single Record Based on Claim-identifiers,GET,404,924,2026-09-18T16:42:04.368493600
ISET,ppkg_hospital,Getting Single Record Based on Claim-identifiers,Getting Single Record Based on Claim-identifiers,GET,404,787,2026-09-18T16:42:05.408193700
ISET,ppkg_hospital,Getting Single Record Based on Claim-identifiers,Getting Single Record Based on Claim-identifiers,GET,200,1221,2026-09-18T16:42:06.910545800
ISET,ppkg_hospital,Getting Single Record Based on Claim-identifiers,Getting Single Record Based on Claim-identifiers,GET,404,756,2026-09-18T16:42:07.953964200
ISET,ppkg_hospital,Getting Single Record Based on Claim-identifiers,Getting Single Record Based on Claim-identifiers,GET,404,676,2026-09-18T16:42:08.902125900
ISET,ppkg_hospital,Getting Single Record Based on Claim-identifiers,Getting Single Record Based on Claim-identifiers,GET,404,799,2026-09-18T16:42:09.971589500
ISET,ppkg_hospital,Getting Single Record Based on Claim-identifiers,Getting Single Record Based on Claim-identifiers,GET,200,1835,2026-09-18T16:42:12.061330200
ISET,ppkg_hospital,Getting Single Record Based on Claim-identifiers,Getting Single Record Based on Claim-identifiers,GET,404,832,2026-09-18T16:42:13.194538200
ISET,ppkg_hospital,Getting Single Record Based on Claim-identifiers,Getting Single Record Based on Claim-identifiers,GET,404,847,2026-09-18T16:42:14.301243100
ISET,ppkg_hospital,Getting Single Record Based on Claim-identifiers,Getting Single Record Based on Claim-identifiers,GET,404,725,2026-09-18T16:42:15.291423200
ISET,ppkg_hospital,Getting Single Record Based on Claim-identifiers,Getting Single Record Based on Claim-identifiers,GET,404,1814,2026-09-18T16:42:17.379799500
ISET,ppkg_hospital,Getting Single Record Based on Claim-identifiers,Getting Single Record Based on Claim-identifiers,GET,404,3947,2026-09-18T16:42:21.613761300
ISET,ppkg_hospital,Getting Single Record Based on Claim-identifiers,Getting Single Record Based on Claim-identifiers,GET,404,965,2026-09-18T16:42:22.841376500
ISET,ppkg_hospital,Getting Single Record Based on Claim-identifiers,Getting Single Record Based on Claim-identifiers,GET,404,675,2026-09-18T16:42:23.754211100
ISET,ppkg_hospital,Getting Single Record Based on Claim-identifiers,Getting Single Record Based on Claim-identifiers,GET,404,707,2026-09-18T16:42:24.719079200
ISET,ppkg_hospital,Getting Single Record Based on Claim-identifiers,Getting Single Record Based on Claim-identifiers,GET,200,1327,2026-09-18T16:42:26.313726600
ISET,ppkg_hospital,Getting Single Record Based on Claim-identifiers,Getting Single Record Based on Claim-identifiers,GET,404,779,2026-09-18T16:42:27.350754900
ISET,ppkg_hospital,Getting Single Record Based on Claim-identifiers,Getting Single Record Based on Claim-identifiers,GET,404,724,2026-09-18T16:42:28.360883500
ISET,ppkg_hospital,Getting Single Record Based on Claim-identifiers,Getting Single Record Based on Claim-identifiers,GET,404,1025,2026-09-18T16:42:29.670731600
ISET,ppkg_hospital,Getting Single Record Based on Claim-identifiers,Getting Single Record Based on Claim-identifiers,GET,200,1248,2026-09-18T16:42:31.160241100
ISET,ppkg_hospital,Getting Single Record Based on Claim-identifiers,Getting Single Record Based on Claim-identifiers,GET,404,1221,2026-09-18T16:42:32.650199300
ISET,ppkg_hospital,Getting Single Record Based on Claim-identifiers,Getting Single Record Based on Claim-identifiers,GET,404,812,2026-09-18T16:42:33.729462500
ISET,ppkg_hospital,Getting Single Record Based on Claim-identifiers,Getting Single Record Based on Claim-identifiers,GET,404,697,2026-09-18T16:42:34.720773600
ISET,ppkg_hospital,Getting Single Record Based on Claim-identifiers,Getting Single Record Based on Claim-identifiers,GET,404,914,2026-09-18T16:42:35.911869800
ISET,ppkg_hospital,Getting Single Record Based on Claim-identifiers,Getting Single Record Based on Claim-identifiers,GET,404,734,2026-09-18T16:42:36.906128800
ISET,ppkg_hospital,Getting Single Record Based on Claim-identifiers,Getting Single Record Based on Claim-identifiers,GET,404,826,2026-09-18T16:42:38.022079300
ISET,ppkg_hospital,Getting Single Record Based on Claim-identifiers,Getting Single Record Based on Claim-identifiers,GET,404,854,2026-09-18T16:42:39.158094200
ISET,ppkg_hospital,Getting Single Record Based on Claim-identifiers,Getting Single Record Based on Claim-identifiers,GET,404,774,2026-09-18T16:42:40.156474600
ISET,ppkg_hospital,Getting Single Record Based on Claim-identifiers,Getting Single Record Based on Claim-identifiers,GET,404,794,2026-09-18T16:42:41.231752700
ISET,upm_physician,Claim UPM details Hospital request validation,Claim UPM details Hospital request validation,POST,403,1288,2026-09-18T16:42:53.068163500
ISET,upm_physician,Claim UPM details Hospital request validation,Claim UPM details Hospital request validation,POST,403,1186,2026-09-18T16:42:54.512425400
ISET,upm_physician,Claim UPM details Hospital request validation,Claim UPM details Hospital request validation,POST,403,1189,2026-09-18T16:42:55.958347
ISET,upm_physician,Claim UPM details Hospital request validation,Claim UPM details Hospital request validation,POST,403,1177,2026-09-18T16:42:57.392469900
ISET,upm_physician,Claim UPM details Hospital request validation,Claim UPM details Hospital request validation,POST,403,1182,2026-09-18T16:42:58.834849700
ISET,upm_physician,Claim UPM details Hospital request validation,Claim UPM details Hospital request validation,POST,403,1177,2026-09-18T16:43:00.288666
ISET,upm_physician,Claim UPM details Hospital request validation,Claim UPM details Hospital request validation,POST,403,1185,2026-09-18T16:43:01.741605900
ISET,upm_physician,Claim UPM details Hospital request validation,Claim UPM details Hospital request validation,POST,403,1209,2026-09-18T16:43:03.244708800
ISET,upm_physician,Claim UPM details Hospital request validation,Claim UPM details Hospital request validation,POST,403,1172,2026-09-18T16:43:04.655674600
ISET,upm_physician,Claim UPM details Hospital request validation,Claim UPM details Hospital request validation,POST,403,1166,2026-09-18T16:43:06.003873300
ISET,upm_physician,Claim UPM details Hospital request validation,Claim UPM details Hospital request validation,POST,403,1176,2026-09-18T16:43:07.344379300
ISET,upm_physician,Claim UPM details Hospital request validation,Claim UPM details Hospital request validation,POST,403,1199,2026-09-18T16:43:08.827324100
ISET,upm_physician,Claim UPM details Hospital request validation,Claim UPM details Hospital request validation,POST,403,1208,2026-09-18T16:43:10.307162100
ISET,upm_physician,Claim UPM details Hospital request validation,Claim UPM details Hospital request validation,POST,403,1173,2026-09-18T16:43:11.780914700
ISET,upm_physician,Claim UPM details Hospital request validation,Claim UPM details Hospital request validation,POST,403,1171,2026-09-18T16:43:13.201826400
ISET,upm_physician,Claim UPM details Hospital request validation,Claim UPM details Hospital request validation,POST,403,1198,2026-09-18T16:43:14.617703500
ISET,upm_physician,Claim UPM details Hospital request validation,Claim UPM details Hospital request validation,POST,403,1190,2026-09-18T16:43:16.109943
ISET,upm_physician,Claim UPM details Hospital request validation,Claim UPM details Hospital request validation,POST,403,1181,2026-09-18T16:43:17.539074100
ISET,upm_physician,Claim UPM details Hospital request validation,Claim UPM details Hospital request validation,POST,403,1176,2026-09-18T16:43:18.918398400
ISET,upm_physician,Claim UPM details Hospital request validation,Claim UPM details Hospital request validation,POST,403,1174,2026-09-18T16:43:20.348351600
ISET,upm_physician,Claim UPM details Hospital request validation,Claim UPM details Hospital request validation,POST,403,1178,2026-09-18T16:43:21.787783300
ISET,upm_physician,Claim UPM details Hospital request validation,Claim UPM details Hospital request validation,POST,403,1428,2026-09-18T16:43:23.503151
ISET,upm_physician,Claim UPM details Hospital request validation,Claim UPM details Hospital request validation,POST,403,1303,2026-09-18T16:43:25.087360200
ISET,upm_physician,Claim UPM details Hospital request validation,Claim UPM details Hospital request validation,POST,403,1280,2026-09-18T16:43:26.629407800
ISET,upm_physician,Claim UPM details Hospital request validation,Claim UPM details Hospital request validation,POST,403,1311,2026-09-18T16:43:28.205599800
ISET,upm_physician,Claim UPM details Hospital request validation,Claim UPM details Hospital request validation,POST,403,1283,2026-09-18T16:43:29.775891700
ISET,upm_physician,Claim UPM details Hospital request validation,Claim UPM details Hospital request validation,POST,403,1276,2026-09-18T16:43:31.303700
ISET,upm_physician,Claim UPM details Hospital request validation,Claim UPM details Hospital request validation,POST,403,1285,2026-09-18T16:43:32.802798600
ISET,upm_physician,Claim UPM details Hospital request validation,Claim UPM details Hospital request validation,POST,403,1322,2026-09-18T16:43:34.380690500
ISET,upm_physician,Claim UPM details Hospital request validation,Claim UPM details Hospital request validation,POST,403,1299,2026-09-18T16:43:35.891525100
ISET,upm_physician,Claim UPM details Hospital request validation,Claim UPM details Hospital request validation,POST,403,1277,2026-09-18T16:43:37.333385500
ISET,upm_physician,Claim UPM details Hospital request validation,Claim UPM details Hospital request validation,POST,403,1301,2026-09-18T16:43:38.900493100
ISET,ppkg_physician,Getting Single Record Based on Claim-identifiers,Getting Single Record Based on Claim-identifiers,GET,404,985,2026-09-18T16:43:41.283819400
ISET,ppkg_physician,Getting Single Record Based on Claim-identifiers,Getting Single Record Based on Claim-identifiers,GET,404,808,2026-09-18T16:43:42.366107100
ISET,ppkg_physician,Getting Single Record Based on Claim-identifiers,Getting Single Record Based on Claim-identifiers,GET,404,894,2026-09-18T16:43:43.551585600
ISET,ppkg_physician,Getting Single Record Based on Claim-identifiers,Getting Single Record Based on Claim-identifiers,GET,404,723,2026-09-18T16:43:44.531100
ISET,ppkg_physician,Getting Single Record Based on Claim-identifiers,Getting Single Record Based on Claim-identifiers,GET,404,925,2026-09-18T16:43:45.724292200
ISET,ppkg_physician,Getting Single Record Based on Claim-identifiers,Getting Single Record Based on Claim-identifiers,GET,200,1207,2026-09-18T16:43:47.221240200
ISET,ppkg_physician,Getting Single Record Based on Claim-identifiers,Getting Single Record Based on Claim-identifiers,GET,404,764,2026-09-18T16:43:48.250128300
ISET,ppkg_physician,Getting Single Record Based on Claim-identifiers,Getting Single Record Based on Claim-identifiers,GET,404,912,2026-09-18T16:43:49.442116800
ISET,ppkg_physician,Getting Single Record Based on Claim-identifiers,Getting Single Record Based on Claim-identifiers,GET,404,779,2026-09-18T16:43:50.472627800
ISET,ppkg_physician,Getting Single Record Based on Claim-identifiers,Getting Single Record Based on Claim-identifiers,GET,200,1839,2026-09-18T16:43:52.623167600
ISET,ppkg_physician,Getting Single Record Based on Claim-identifiers,Getting Single Record Based on Claim-identifiers,GET,404,799,2026-09-18T16:43:53.752505100
ISET,ppkg_physician,Getting Single Record Based on Claim-identifiers,Getting Single Record Based on Claim-identifiers,GET,404,720,2026-09-18T16:43:54.736629400
ISET,ppkg_physician,Getting Single Record Based on Claim-identifiers,Getting Single Record Based on Claim-identifiers,GET,404,788,2026-09-18T16:43:55.868906600
ISET,ppkg_physician,Getting Single Record Based on Claim-identifiers,Getting Single Record Based on Claim-identifiers,GET,404,940,2026-09-18T16:43:57.105726
ISET,ppkg_physician,Getting Single Record Based on Claim-identifiers,Getting Single Record Based on Claim-identifiers,GET,404,743,2026-09-18T16:43:58.117288400
ISET,ppkg_physician,Getting Single Record Based on Claim-identifiers,Getting Single Record Based on Claim-identifiers,GET,404,868,2026-09-18T16:43:59.216201900
ISET,ppkg_physician,Getting Single Record Based on Claim-identifiers,Getting Single Record Based on Claim-identifiers,GET,404,704,2026-09-18T16:44:00.138008700
ISET,ppkg_physician,Getting Single Record Based on Claim-identifiers,Getting Single Record Based on Claim-identifiers,GET,404,847,2026-09-18T16:44:01.257040100
ISET,ppkg_physician,Getting Single Record Based on Claim-identifiers,Getting Single Record Based on Claim-identifiers,GET,200,1281,2026-09-18T16:44:02.825949200
ISET,ppkg_physician,Getting Single Record Based on Claim-identifiers,Getting Single Record Based on Claim-identifiers,GET,404,788,2026-09-18T16:44:03.871844800
ISET,ppkg_physician,Getting Single Record Based on Claim-identifiers,Getting Single Record Based on Claim-identifiers,GET,404,971,2026-09-18T16:44:05.115884100
ISET,ppkg_physician,Getting Single Record Based on Claim-identifiers,Getting Single Record Based on Claim-identifiers,GET,404,722,2026-09-18T16:44:06.066560500
ISET,ppkg_physician,Getting Single Record Based on Claim-identifiers,Getting Single Record Based on Claim-identifiers,GET,200,1302,2026-09-18T16:44:07.628387400
ISET,ppkg_physician,Getting Single Record Based on Claim-identifiers,Getting Single Record Based on Claim-identifiers,GET,404,957,2026-09-18T16:44:08.859165600
ISET,ppkg_physician,Getting Single Record Based on Claim-identifiers,Getting Single Record Based on Claim-identifiers,GET,404,839,2026-09-18T16:44:09.966655400
ISET,ppkg_physician,Getting Single Record Based on Claim-identifiers,Getting Single Record Based on Claim-identifiers,GET,404,780,2026-09-18T16:44:11.018950900
ISET,ppkg_physician,Getting Single Record Based on Claim-identifiers,Getting Single Record Based on Claim-identifiers,GET,404,785,2026-09-18T16:44:12.071346800
ISET,ppkg_physician,Getting Single Record Based on Claim-identifiers,Getting Single Record Based on Claim-identifiers,GET,404,7277,2026-09-18T16:44:19.604201500
ISET,ppkg_physician,Getting Single Record Based on Claim-identifiers,Getting Single Record Based on Claim-identifiers,GET,404,826,2026-09-18T16:44:20.690046700
ISET,ppkg_physician,Getting Single Record Based on Claim-identifiers,Getting Single Record Based on Claim-identifiers,GET,404,709,2026-09-18T16:44:21.663069100
ISET,ppkg_physician,Getting Single Record Based on Claim-identifiers,Getting Single Record Based on Claim-identifiers,GET,404,718,2026-09-18T16:44:22.619805
ISET,ppkg_physician,Getting Single Record Based on Claim-identifiers,Getting Single Record Based on Claim-identifiers,GET,404,753,2026-09-18T16:44:23.648001700
